文件名	名称	块数	wiki地址	标签
雾锁王国-物品图鉴-其他.md	物品图鉴·其他	147	https://enshrouded.wiki.gg/wiki/Category:Miscellaneous	物品, 装饰, 其他
雾锁王国-物品图鉴-动物与牧场.md	物品图鉴·动物与牧场	13	https://enshrouded.wiki.gg/wiki/Category:Animal_Husbandry	物品, 动物, 牧场
雾锁王国-物品图鉴-匕首与单手武器.md	物品图鉴·匕首与单手武器	84	https://enshrouded.wiki.gg/wiki/Weapons	物品, 武器, 匕首, 单手武器
雾锁王国-物品图鉴-单手剑.md	物品图鉴·单手剑（One-handed Swords）	38	https://enshrouded.wiki.gg/wiki/Category:One-handed_Swords	物品, 武器, 单手剑
雾锁王国-物品图鉴-双手武器.md	物品图鉴·双手武器	47	https://enshrouded.wiki.gg/wiki/Weapons	物品, 武器, 双手武器
雾锁王国-物品图鉴-家具-收纳与餐具.md	物品图鉴·家具（收纳与餐具）	129	https://enshrouded.wiki.gg/wiki/Category:Furniture	物品, 家具, 收纳, 餐具
雾锁王国-物品图鉴-家具-桌椅床柜.md	物品图鉴·家具（桌椅床柜）	106	https://enshrouded.wiki.gg/wiki/Category:Furniture	物品, 家具, 建造装饰
雾锁王国-物品图鉴-建筑-方块与结构.md	物品图鉴·建筑-方块与结构	109	https://enshrouded.wiki.gg/wiki/Category:Building_Materials	物品, 建筑, 方块, 结构
雾锁王国-物品图鉴-建筑-门墙围栏.md	物品图鉴·建筑-门墙围栏	154	https://enshrouded.wiki.gg/wiki/Decorations	物品, 建筑, 门, 围栏, 窗
雾锁王国-物品图鉴-护甲-外观.md	物品图鉴·护甲-外观	113	https://enshrouded.wiki.gg/wiki/Category:Cosmetic_Armor	物品, 护甲, 外观
雾锁王国-物品图鉴-护甲-战士.md	物品图鉴·护甲-战士	101	https://enshrouded.wiki.gg/wiki/Category:Melee_Armor	物品, 护甲, 战士
雾锁王国-物品图鉴-护甲-法师与其他.md	物品图鉴·护甲（法师与其他）	107	https://enshrouded.wiki.gg/wiki/Category:Magic_Armor	物品, 护甲, 法师护甲, 杂项护甲, 头部, 足部
雾锁王国-物品图鉴-护甲-游侠.md	物品图鉴·游侠护甲（Ranged Armor）	95	https://enshrouded.wiki.gg/wiki/Category:Ranged_Armor	物品, 护甲, 游侠
雾锁王国-物品图鉴-材料-制作材料上.md	物品图鉴·材料（制作材料·上）	123	https://enshrouded.wiki.gg/wiki/Category:Crafting_Materials	物品, 材料, 制作材料
雾锁王国-物品图鉴-材料-制作材料下.md	物品图鉴·材料-制作材料下（Materials）	124	https://enshrouded.wiki.gg/wiki/Category:Crafting_Materials	物品, 材料, 制作材料
雾锁王国-物品图鉴-材料-地形与生物.md	物品图鉴·材料-地形与生物	71	https://enshrouded.wiki.gg/wiki/Category:Terrain_Materials	物品, 材料, 地形, 化石, 牧场, 植被
雾锁王国-物品图鉴-法杖与法术.md	物品图鉴·法杖与法术（Staves, Wands & Spells）	88	https://enshrouded.wiki.gg/wiki/Category:Staves	物品, 法杖, 魔杖, 法术
雾锁王国-物品图鉴-消耗品上.md	物品图鉴·消耗品（上）	87	https://enshrouded.wiki.gg/wiki/Consumables	物品, 消耗品, 食物, 药水
雾锁王国-物品图鉴-消耗品下.md	物品图鉴·消耗品下	88	https://enshrouded.wiki.gg/wiki/Category:Consumables	物品, 消耗品, 食物, 药水, 鱼类
雾锁王国-物品图鉴-照明.md	物品图鉴·照明	72	https://enshrouded.wiki.gg/wiki/Category:Illumination	物品, 照明, 舒适度
雾锁王国-物品图鉴-生产设施与水管.md	物品图鉴·生产设施与水管	53	https://enshrouded.wiki.gg/wiki/Category:Production_Places	物品, 生产设施, 水管
雾锁王国-物品图鉴-种植与染料.md	物品图鉴·种植与染料（Seedlings & Dyes）	110	https://enshrouded.wiki.gg/wiki/Category:Seedlings	物品, 种植, 幼苗, 染料
雾锁王国-物品图鉴-花盆与植物.md	物品图鉴·花盆与植物（Plant Pots & Plants）	69	https://enshrouded.wiki.gg/wiki/Category:Plant_Pots	物品, 花盆, 植物, 家具
雾锁王国-物品图鉴-装饰-奖杯与陈列.md	物品图鉴·装饰-奖杯与陈列	138	https://enshrouded.wiki.gg/wiki/Category:Trophies	物品, 装饰, 战利品, 陈列, 收集品
雾锁王国-物品图鉴-装饰-绘画旗帜与节庆.md	物品图鉴·装饰·绘画旗帜与节庆	111	https://enshrouded.wiki.gg/wiki/Decorations	物品, 装饰, 旗帜, 节庆
雾锁王国-物品图鉴-远程武器.md	物品图鉴·远程武器	70	https://enshrouded.wiki.gg/wiki/Weapons	物品, 武器, 远程武器
雾锁王国-物品图鉴-饰品与工具.md	物品图鉴·饰品与工具	130	https://enshrouded.wiki.gg/wiki/Category:Accessories	物品, 饰品, 工具, 盾牌, 戒指, 滑翔翼, 宝石
合计	27 份	2577		
